{"cameraMode":{"drawMode":0,"name":"Shaded","section":"Shading Mode"},"sceneLighting":false,"audioPlay":false,"sceneViewState":{"showFog":true,"showMaterialUpdate":false,"showSkybox":false,"showFlares":true,"showImageEffects":true,"showParticleSystems":true},"in2DMode":false,"pivot":{"x":5.619600296020508,"y":8.67614459991455,"z":5.928661346435547},"rotation":{"x":0.6069279909133911,"y":-0.38323378562927248,"z":0.41736191511154177,"w":0.5572997331619263},"size":89.61554718017578,"orthographic":true}