{"cameraMode":{"drawMode":0,"name":"Shaded","section":"Shading Mode"},"sceneLighting":false,"audioPlay":false,"sceneViewState":{"showFog":true,"showMaterialUpdate":false,"showSkybox":false,"showFlares":true,"showImageEffects":true,"showParticleSystems":true},"in2DMode":false,"pivot":{"x":5.619600296020508,"y":8.67614459991455,"z":5.928661346435547},"rotation":{"x":0.05027204379439354,"y":-0.06437373161315918,"z":0.0032501101959496738,"w":0.9966657161712647},"size":29.938961029052736,"orthographic":false}