{"cameraMode":{"drawMode":0,"name":"Shaded","section":"Shading Mode"},"sceneLighting":false,"audioPlay":false,"sceneViewState":{"showFog":true,"showMaterialUpdate":false,"showSkybox":false,"showFlares":true,"showImageEffects":true,"showParticleSystems":true},"in2DMode":false,"pivot":{"x":-22.679487228393556,"y":6.415788650512695,"z":54.292579650878909},"rotation":{"x":0.4024125635623932,"y":0.15801334381103517,"z":-0.07073856890201569,"w":0.8989468216896057},"size":32.170997619628909,"orthographic":false}