{"cameraMode":{"drawMode":0,"name":"Shaded","section":"Shading Mode"},"sceneLighting":false,"audioPlay":false,"sceneViewState":{"showFog":true,"showMaterialUpdate":false,"showSkybox":false,"showFlares":true,"showImageEffects":true,"showParticleSystems":true},"in2DMode":false,"pivot":{"x":-4.391057014465332,"y":0.04702964425086975,"z":13.882745742797852},"rotation":{"x":0.40012937784194949,"y":0.11091862618923187,"z":-0.04885924980044365,"w":0.908423900604248},"size":22.303442001342775,"orthographic":false}