{"cameraMode":{"drawMode":0,"name":"Shaded","section":"Shading Mode"},"sceneLighting":false,"audioPlay":false,"sceneViewState":{"showFog":true,"showMaterialUpdate":false,"showSkybox":false,"showFlares":true,"showImageEffects":true,"showParticleSystems":true},"in2DMode":false,"pivot":{"x":-0.5714306831359863,"y":3.380125045776367,"z":0.6314477920532227},"rotation":{"x":0.23609796166419984,"y":0.18721942603588105,"z":-0.046410925686359408,"w":0.952396035194397},"size":29.019723892211915,"orthographic":false}